"email_text","label"
"We noticed unusual sign-in activity on your Microsoft account. To protect your account, we've temporarily limited some features. Please verify your identity within 24 hours to restore full access: [Verify Now]. If you don't act, your account may be suspended.","1"
"Your Apple ID has been used to sign in to iCloud on a new iPhone 14 Pro in Warsaw, Poland. If this was you, you can ignore this message. If you did not sign in, your Apple ID may be compromised. Click here to review and secure your account immediately.","1"
"Dear PayPal user, we've detected a potentially unauthorized transaction of $847.00 from your account. If you did not authorize this payment, please click the link below to dispute the charge and secure your account before it's processed.","1"
"Your Netflix password was recently changed. If you made this change, no action is needed. If you did not change your password, click here to revert the change and secure your account. This link expires in 12 hours.","1"
"Action Required: Your Chase account has been temporarily suspended due to suspicious activity. To restore access, please verify your information using the secure link below. Failure to verify within 48 hours will result in permanent account closure.","1"
"We received a request to reset the password for your Google account. If you made this request, click the button below. If you didn't request this, you can ignore this email — your password won't be changed. [Reset Password]","1"
"A password reset was requested for your account associated with this email address. This link will expire in 30 minutes. If you did not request a password reset, please contact our support team immediately as your account may be at risk.","1"
"Hello, someone requested a password reset for your Dropbox account. If this was you, click the link below to choose a new password. The link expires in 1 hour. If you didn't make this request, please let us know and we'll help secure your account.","1"
"ALERT: A wire transfer of $3,200 has been initiated from your Bank of America account ending in 4821. If you did not authorize this transaction, please call us immediately or log in to cancel. Do not share your PIN or OTP with anyone.","1"
"Your Wells Fargo account requires immediate attention. We've placed a temporary hold on your account after detecting irregular activity. Please log in to confirm your recent transactions and lift the hold: [Secure Login]","1"
"Important notice from Barclays: Your debit card ending in 7734 has been used for an international purchase. If you were not traveling, this transaction may be fraudulent. Please review and confirm or dispute within 24 hours.","1"
"Hi, this is urgent. I'm in a board meeting and need you to process a wire transfer today for a confidential acquisition. Please keep this between us for now — I'll explain everything after the meeting. What's the best number to reach you on?","1"
"Hey, are you available right now? I need a favor — I'm stuck in meetings all day and can't make calls. I need you to purchase some gift cards (Google Play or Amazon) for a client appreciation gift. I'll reimburse you today. Can you do this?","1"
"This is James from the executive team. We're finalizing a vendor payment that needs to go out today. Our usual process is on hold due to an audit, so I need you to handle this directly. Please send $14,500 to the following account and I'll approve the reimbursement.","1"
"Quick heads up — we're switching bank accounts for payroll this month due to an upgrade with our finance provider. Please update your direct deposit info using the link below before the 15th to ensure there are no delays to your paycheck.","1"
"Please find attached Invoice #INV-20240318 for services rendered in Q1. Payment of $6,750 is due within 14 days. Please remit to the updated banking details provided in the attached PDF. Let me know if you need anything else.","1"
"Hi, following up on the outstanding invoice from last month. Our records show it hasn't been paid yet. I've updated our banking details — please use the new account information in the attached document when processing. Thanks for your prompt attention.","1"
"Reminder: Your subscription to CloudStorage Pro will renew automatically on April 1st for $189/year. If you wish to cancel or update your payment method, please click the link below. Note: Failure to update may result in service interruption.","1"
"Hi, I came across your profile and was really impressed by your background. We're looking for a Senior Data Analyst to join our remote team — the role is fully remote, $95k-$115k, and we're moving fast. Would you be open to a 15-minute call this week?","1"
"I'm a recruiter at a Fortune 500 company and your profile caught my attention. We have an opening that seems like a great fit for your skills. The compensation is competitive and the role offers full flexibility. Can I send you more details?","1"
"Congratulations! After reviewing your application, we'd like to move forward with a home-based data entry position. The role pays $22/hr and requires only 4 hours per day. We'll need you to complete a background check — please fill out the form at the link below.","1"
"Your resume was shortlisted for a remote Customer Success Manager role at a fast-growing SaaS company. The hiring manager reviewed your profile and wants to connect. Can you confirm your availability for a video interview next week?","1"
"We were unable to process your payment for your Spotify Premium subscription. To avoid losing access to your playlists and features, please update your payment information within 3 days. Your current plan will be cancelled if no action is taken.","1"
"Your Adobe Creative Cloud subscription has expired. To continue using Photoshop, Illustrator, and other apps without interruption, please renew your plan. As a valued customer, we're offering 20% off if you renew in the next 24 hours.","1"
"There was an issue processing your Amazon Prime renewal. Please update your billing information to continue enjoying free delivery and Prime Video. If payment is not received within 5 days, your Prime membership will be cancelled.","1"
"Important: We couldn't charge your card on file for your Hulu subscription. Please verify and update your payment details to avoid any service interruption. Your account will remain active for 7 more days before suspension.","1"
"Your DHL shipment #1234567890 is on hold due to an incomplete delivery address. Please confirm your delivery information within 24 hours to ensure timely delivery. A small redelivery fee of $1.99 may apply.","1"
"We attempted to deliver your package but no one was available. To reschedule your delivery or pick it up at a local depot, please visit our website and enter your tracking number. A storage fee applies after 5 business days.","1"
"FedEx notification: Your package could not be delivered due to customs clearance issues. Please click the link to pay the required customs fee of $3.50 to release your parcel. Your parcel will be returned if not cleared within 48 hours.","1"
"We've detected suspicious activity and potential malware on your device. Your personal data and banking information may be at risk. Please call our Microsoft Certified Support team at the number below to run a free security scan immediately.","1"
"WARNING: Your IP address has been flagged for illegal activity. Your internet service may be suspended within 24 hours. Please contact our cybersecurity team to resolve this issue and verify your account status.","1"
"You've been selected as one of our loyal customers to participate in a short survey. Upon completion, you'll receive a $100 reward. This is our way of giving back — simply answer 5 questions and claim your gift.","1"
"As part of our annual customer appreciation program, you've been chosen to receive a complimentary gift. Please confirm your shipping address so we can send it to you. There's no purchase necessary — this is our thank you for being a valued member.","1"
"Your OneDrive storage is almost full (4.8 GB of 5 GB used). Upgrade to Microsoft 365 for unlimited storage, or sign in to manage your files and free up space before your account stops syncing.","1"
"Your shared document 'Q4 Budget Review.xlsx' is waiting for your response. The sender has been waiting 3 days. Please click the link to view and comment on the document before it expires.","1"
"You have 2 pending messages in your DocuSign inbox. These documents require your electronic signature before the deadline. Please sign in to review and complete the signing process.","1"
"I wanted to share something that's been working really well for me lately. I've been using a new investment platform that's been generating consistent returns. Happy to chat more if you're curious — no pressure at all.","1"
"Hi, a mutual connection mentioned you might be interested in passive income opportunities. I work with a small group of investors and we have a few spots opening up next month. Would you like to learn more with no commitment?","1"
"Hi, I'm reaching out from our IT department. We're rolling out a security update and need to verify all employee credentials. Please log in through the secure portal below and confirm your identity before end of day Friday.","1"
"This is a courtesy notice that your email storage quota has exceeded 95%. Your ability to send and receive emails may be interrupted. Please log in to our webmail portal and delete unnecessary emails or request a storage increase.","1"
"Hey, just wanted to check if we're still on for dinner on Saturday? I was thinking we could try that new Italian place downtown — I heard they have great pasta. Let me know if the time works for you!","0"
"Hi Sarah, thanks so much for the birthday wishes! It really made my day. Let's catch up soon — it's been way too long. Maybe coffee next weekend?","0"
"Quick reminder that Mom's birthday is next Thursday. Are you planning to come for dinner? She'd love to have everyone there. Let me know if you need me to pick you up.","0"
"Hey, I found that book you were looking for at the library. They have two copies available right now. You might want to swing by before the weekend — it's a popular one.","0"
"Just checking in — how are you feeling? I heard you were under the weather last week. Hope you're doing better. Let me know if you need anything.","0"
"Hi team, just a heads up that the Q2 planning meeting has been moved to Thursday at 2pm. Please update your calendars accordingly. The agenda remains the same — we'll send it out tomorrow morning.","0"
"Hi Mark, I've reviewed the proposal and have a few minor comments. Overall it looks solid. Could we schedule 30 minutes this week to go over my feedback before we send it to the client?","0"
"Please find attached the updated project timeline following our meeting last week. The key milestones remain unchanged, but we've adjusted some of the interim deadlines. Let me know if you have any questions.","0"
"As discussed in today's standup, I've submitted the pull request for the authentication module. It's ready for code review when you get a chance. I've included a brief description of the changes in the PR notes.","0"
"Hi everyone, the office will be closed on Monday for the public holiday. For any urgent matters, please contact the on-call team via the emergency number in the company directory. Have a great long weekend!","0"
"Following up on our call last week — I've drafted the contract terms and sent them to legal for review. We should have a clean version back by end of week. I'll forward it to you as soon as it's ready.","0"
"Hi Anna, I wanted to let you know that your expense report from the conference has been approved and processed. The reimbursement should appear in your next paycheck. Thanks for submitting everything so promptly.","0"
"The IT team will be performing routine maintenance on our servers this Saturday from 10pm to 2am. During this window, access to internal systems including email and the VPN may be intermittent. Please plan accordingly.","0"
"Hi, I noticed a small discrepancy in the numbers on slide 14 of the deck you shared. I think the 2023 revenue figure might be off by about $200k — could you double-check against the finance report? Otherwise it looks great.","0"
"Thanks for covering my meetings while I was out. I'm back at my desk now and have gone through the notes you sent. Really appreciate you handling everything so smoothly — let me know if there's anything I can do in return.","0"
"Your order #ORD-8821934 has been shipped. Your estimated delivery date is April 3-5. You can track your package using the link below. Thank you for shopping with us!","0"
"Your reservation at The Grand Hotel has been confirmed for April 12-14. Check-in is at 3:00pm and check-out is at 11:00am. Please bring a valid photo ID and the credit card used for booking.","0"
"Hi, this is a confirmation that your appointment with Dr. Kowalski is scheduled for Thursday, April 18 at 10:30am. Please arrive 10 minutes early to complete any paperwork. To cancel or reschedule, call our office at least 24 hours in advance.","0"
"Your monthly statement is now available. Your current balance is $1,243.57. Minimum payment of $25 is due by April 28. You can view your full statement and make payments through your online banking portal.","0"
"Thank you for subscribing to our newsletter! You'll receive weekly updates every Monday morning. You can manage your preferences or unsubscribe at any time using the link in the footer of any of our emails.","0"
"Your Zoom meeting recording is now available. 'Marketing Strategy — Q2 Review' (Duration: 48 min). The recording will be stored in your cloud for 30 days. You can view or download it from your Zoom account.","0"
"Your password was successfully changed. If you made this change, no further action is needed. If you didn't change your password, please contact our support team immediately and we'll help secure your account.","0"
"Receipt for your recent purchase: 2x Premium Wireless Headphones — $179.98. Payment was charged to your Visa ending in 1234. If you have any questions about your order, please contact our support team.","0"
"This month in our newsletter: tips for better sleep, a recipe roundup, and an interview with a local chef. Plus, don't miss our reader poll — we want to know what topics you'd like us to cover next.","0"
"New blog post: '10 Productivity Habits That Actually Work (Backed by Research)'. We asked 500 professionals what helped them most — the results might surprise you. Read the full article on our website.","0"
"Your weekly summary from LinkedIn: 3 new connection requests, 12 new profile views, and 2 messages waiting in your inbox. John Smith commented on your recent post about remote work trends.","0"
"GitHub Actions summary for your repository: 3 workflows ran successfully, 1 failed on the 'build' step. You can view the full run logs and debug the issue from your Actions dashboard.","0"
"As a reminder, open enrollment for benefits closes on April 30th. If you'd like to make any changes to your health, dental, or vision coverage, please log in to the HR portal and complete your selections before the deadline.","0"
"The updated employee handbook is now available on the intranet. Key changes include updates to the remote work policy and the revised expense reimbursement guidelines. Please review the changes and acknowledge receipt by the end of the month.","0"
"We're pleased to announce that our annual company picnic will be held on June 8th at Riverside Park. Food, games, and activities will be provided. Please RSVP by May 31st so we can plan accordingly. Partners and children are welcome!","0"
"Hi, just following up on the job application you submitted last week for the Marketing Coordinator role. We've reviewed your CV and would love to invite you for a first-round interview via video call. Are you available next Tuesday or Wednesday?","0"
"Your direct deposit of $3,420.00 has been posted to your checking account ending in 9812. This deposit was submitted by your employer and should be available immediately. Log in to view your full balance and transaction history.","0"
"Your credit score has been updated. Your current score is 742 (+3 from last month). Key factors: payment history (excellent), credit utilization (18%). Log in to view your full credit report and personalized tips.","0"
"A new tax document is available for your account: Form 1099-INT for the 2023 tax year. You can download it from the Documents section of your online banking portal. This document is needed for your tax filing.","0"
"Hi, thank you for reaching out to us. I've looked into your case and can confirm that the refund of $49.99 has been processed. It may take 5-7 business days to appear on your statement, depending on your bank.","0"
"We've received your support request (#TKT-009821) and assigned it to a specialist. You'll receive a response within 1 business day. In the meantime, you may find an answer in our Help Center.","0"
"Your account settings have been updated as requested. Two-factor authentication is now enabled on your account. You'll be asked to verify your identity via SMS each time you log in from a new device.","0"
"Dear students, please note that the deadline for submitting your research papers has been extended to April 19th. Office hours this week will be held on Wednesday from 2-4pm. Please email if you have any questions.","0"
"The library will be hosting a free workshop on academic research databases this Friday at 1pm in Room 204. Space is limited — please register using the link below if you'd like to attend.","0"
"Hi, I work in talent acquisition and I came across your profile while searching for candidates in your field. We have a confidential opening that could be a great fit. Would you be open to hearing more details?","1"
"Just a friendly reminder that your free trial ends in 3 days. To continue enjoying all features without interruption, please add a payment method to your account. You won't be charged until the trial ends.","0"
"We noticed you haven't logged into your account in a while. We wanted to make sure everything is okay and let you know that your account data is safe. Log in anytime to pick up where you left off.","0"
"Your verification code is 847291. This code expires in 10 minutes. Do not share this code with anyone. Our support team will never ask for this code.","0"
"Hi, I'm writing because we have a limited number of spots available in our executive mentorship program. Given your experience, I thought you might be a great candidate. Would you be interested in learning more?","1"
"Congratulations on your work anniversary! It's been 3 years since you joined the team. We appreciate your dedication and contributions. Your manager has left a note for you in your HR portal.","0"
"We're reaching out because a customer with access to your account contact details may have been affected by a recent data breach at a third-party vendor. As a precaution, we recommend changing your password and enabling 2FA.","0"
"Hi, someone shared a file with you: 'Partnership Proposal Q2.pdf'. Click the link to view the document. The file will be available for 30 days.","1"
"This is a reminder that your vehicle's extended warranty is about to expire. Based on your vehicle history, you may still qualify for coverage. Please call us today to avoid any lapse in protection.","1"
"Your request to close your account has been received. If you made this request, no further action is needed. If you did not request account closure, please contact our support team immediately.","0"
"We'd love your feedback on your recent purchase. How would you rate your experience with us? Your input helps us improve. Click the stars below to leave a quick review.","0"
"Hi there, I run a small digital marketing agency and I've been following your company's growth. I have a few ideas that could help increase your online visibility. Would you be open to a quick intro call?","1"
"As part of our annual security audit, we ask all employees to verify their login credentials using the internal IT portal. Please complete this by Friday to ensure uninterrupted access to company systems.","1"
"Your account was logged into from a new device: Chrome on Windows, located in Berlin, Germany. If this was you, no action is needed. If not, please secure your account immediately.","0"
"Hi, we noticed your business listing on Google Maps may have outdated information. Thousands of customers search for businesses like yours every day. Click below to claim and update your free listing before a competitor does.","1"
"Friendly reminder: your annual subscription to our antivirus software expires in 7 days. Renew now to stay protected and keep your personal data safe. Renewing early also locks in your current rate before our price increase.","1"
"Hey, I wanted to give you a heads-up — I'm going to be on vacation next week with limited email access. If anything urgent comes up, please reach out to my colleague Lisa who'll be covering for me. I'll catch up on everything when I'm back.","0"
"Hi, following up on our conversation from last quarter. The market conditions have shifted quite a bit, and I wanted to get your thoughts on revisiting the contract terms we discussed. Are you free for a call sometime this week?","0"
"This is to confirm your cancellation of the Premium subscription effective April 30th. You'll continue to have access to all Premium features until that date. If you change your mind, you can reactivate your plan from your account settings.","0"
"Your application for the Software Engineer position at TechCorp has been received. Our team will review your materials and be in touch within 2 weeks. In the meantime, feel free to explore more about us at our website.","0"
"We're excited to announce that our new mobile app is now available for download. It's faster, cleaner, and packed with new features you've been asking for. Update now through the App Store or Google Play.","0"
